label	text	style	verifier_label	agree
sports	L'Équipe de France de football remporte les qualifications pour la Coupe du Monde.	des titres d'articles courts et factuels	sports	1
sports	Tennis : Novak Djokovic s'impose en finale du tournoi de Roland-Garros.	des titres d'articles courts et factuels	sports	1
sports	Ligue 1 : Le PSG s'impose 3-0 face à l'Olympique de Marseille.	des titres d'articles courts et factuels	sports	1
sports	Rugby : Les Bleus s'inclinent face à l'Afrique du Sud lors du dernier test match.	des titres d'articles courts et factuels	sports	1
sports	Cyclisme : Jonas Vingegaard remporte le classement général du Tour de France.	des titres d'articles courts et factuels	sports	1
sports	NBA : Les Lakers de LeBron James décrochent une victoire cruciale à domicile.	des titres d'articles courts et factuels	sports	1
sports	Natation : Léon Marchand décroche l'or sur le 400 mètres quatre nages.	des titres d'articles courts et factuels	sports	1
sports	Roland-Garros : Une nouvelle génération de joueurs prête à bousculer la hiérarchie.	des titres d'articles courts et factuels	sports	1
sports	Basket-ball : Victoire serrée des Rouges de l'ASVEL contre l'Eldoret.	des titres d'articles courts et factuels	sports	1
sports	Jeux Olympiques : Début des épreuves de gymnastique au Palais des Sports.	des titres d'articles courts et factuels	sports	1
sports	Ligue des Champions : le PSG en difficulté face à l'armada madrilène	des titres accrocheurs de site web d'information	sports	1
sports	JO Paris 2024 : la liste des sélectionnés pour l'équipe de France de judo est tombée	des titres accrocheurs de site web d'information	sports	1
sports	Tour de France : un nouveau maillot jaune pour l'outsider belge après l'étape de l'Alpe d'Huez	des titres accrocheurs de site web d'information	sports	1
sports	Tennis : Novak Djokovic s'impose en finale et décroche son vingtième titre du Grand Chelem	des titres accrocheurs de site web d'information	sports	1
sports	Rugby : les Bleus s'imposent avec les honneurs face à l'All Blacks dans un match épique	des titres accrocheurs de site web d'information	sports	1
sports	Transferts : Kylian Mbappé officiellement annoncé à la Juventus pour la saison prochaine	des titres accrocheurs de site web d'information	sports	1
sports	NBA : les Lakers renversent un déficit de 20 points pour une victoire spectaculaire	des titres accrocheurs de site web d'information	sports	1
sports	Roland-Garros : une jeune prodige française crée la sensation sur la terre battue parisienne	des titres accrocheurs de site web d'information	sports	1
sports	Formule 1 : victoire écrasante de Max Verstappen lors du Grand Prix de Monza	des titres accrocheurs de site web d'information	sports	1
sports	Natation : Léon Marchand pulvérise le record du monde du 400 mètres quatre nages	des titres accrocheurs de site web d'information	sports	1
sports	Le capitaine de l'équipe de France de rugby a exprimé sa fierté après la victoire arrachée hier soir à Marseille. Grâce à un essai en fin de match, les Bleus s'imposent face aux All Blacks.	des chapeaux d'articles de deux phrases	sports	1
sports	Le tournoi de tennis de Roland-Garros entre dans sa phase décisive avec les quarts de finale de demain. Les favoris devront faire face à une opposition de fer sur la terre battue parisienne.	des chapeaux d'articles de deux phrases	sports	1
sports	Après une saison marquée par de nombreuses blessures, le meneur des Warriors annonce sa retraite sportive. Le vétéran quitte ainsi les parquets après plus de quinze ans de carrière professionnelle.	des chapeaux d'articles de deux phrases	sports	1
sports	L'athlète olympique a pulvérisé le record du monde du 100 mètres lors de la compétition de Monaco. Ce nouveau temps de 9 secondes pile place la jeunesse française au sommet de l'athlétisme mondial.	des chapeaux d'articles de deux phrases	sports	1
sports	Le club de football lyonnais a officialisé l'arrivée d'un nouveau défenseur central en provenance de la Premier League. Le transfert, conclu pour une durée de quatre saisons, renforce l'arrière-garde locale.	des chapeaux d'articles de deux phrases	sports	1
sports	La sélection nationale de basket-ball s'entraîne intensément à Bercy avant le début de la compétition européenne. Les joueurs visent une médaille d'or pour honorer le public présent dans l'arène.	des chapeaux d'articles de deux phrases	sports	1
sports	Le cycliste français a réalisé une ascension spectaculaire lors de la dernière étape du Tour de France. Son attaque solitaire dans le col du Galibier lui permet de récupérer le maillot jaune.	des chapeaux d'articles de deux phrases	sports	1
sports	Les nageurs de l'équipe de Normandie ont dominé les championnats de France de natation ce week-end. Plusieurs médailles d'or ont été décrochées lors des épreuves de relais 4x100 mètres.	des chapeaux d'articles de deux phrases	sports	1
sports	Le gymnaste s'est illustré par une routine parfaite lors de la finale de la Coupe du Monde. Sa note de difficulté impressionnante lui assure la première marche du podium.	des chapeaux d'articles de deux phrases	sports	1
sports	La finale de la Coupe de France de handball se jouera samedi prochain au Palais des Sports. Les deux clubs supporters attendent un match intense et riche en rebondissements.	des chapeaux d'articles de deux phrases	sports	1
sports	L'équipe de France de football a remporté une victoire éclatante 3-0 face à l'Allemagne lors du match amical disputé ce mardi au Stade de France. Les buts ont été inscrits par Mbappé à la 22ème minute et par deux frappes de Giroud en fin de rencontre. Ce succès permet aux Bleus de s'installer en tête du classement FIFA.	des extraits de dépêche d'agence de presse (3 à 4 phrases) avec lieux et chiffres	sports	1
sports	À Lyon, le club de l'OL a dominé sa rencontre de championnat sur le score de 2-1 contre l'AS Saint-Étienne. Malgré une domination territoriale de 65%, les Verts n'ont jamais réussi à inquiéter la défense lyonnaise. Ce derby marque une étape cruciale dans la course à la qualification européenne.	des extraits de dépêche d'agence de presse (3 à 4 phrases) avec lieux et chiffres	sports	1
sports	Le coureur cycliste belge Remco Evenepoel a survolé la première étape du Tour de France ce samedi, franchissant la ligne d'arrivée avec 45 secondes d'avance sur ses poursuivants. Le parcours de 185 kilomètres passait notamment par les cols alpins de la Savoie. Il endosse ainsi le maillot jaune pour la journée de demain.	des extraits de dépêche d'agence de presse (3 à 4 phrases) avec lieux et chiffres	sports	1
sports	Le tournoi de tennis Masters 1000 de Madrid a vu la qualification de Carlos Alcaraz en demi-finale après un combat de 3 sets. L'Espagnol s'est imposé 6-4, 3-6, 7-5 face à son compatriote face à un public de 12 000 spectateurs. Il affrontera Novak Djokovic dès la fin de la semaine.	des extraits de dépêche d'agence de presse (3 à 4 phrases) avec lieux et chiffres	sports	1
sports	Lors de la finale de la Coupe de France de basketball, l'ASVEL a pris le dessus sur l'Élan Chalon avec un écart de 12 points. Le score final de 88-76 reflète la supériorité physique des joueurs de Villeurbanne sur la seconde période. Le capitaine de l'équipe a terminé la rencontre avec 28 points marqués.	des extraits de dépêche d'agence de presse (3 à 4 phrases) avec lieux et chiffres	sports	1
sports	Au Stade Roland-Garros, la joueuse Iga Swiatek a validé son billet pour les quarts de finale en seulement 55 minutes. Elle a battu son adversante 6-1, 6-2 lors d'un match particulièrement rapide sur la terre battue parisienne. Elle reste sur une série de 10 victoires consécutives dans le tournoi.	des extraits de dépêche d'agence de presse (3 à 4 phrases) avec lieux et chiffres	sports	1
sports	Le club de rugby de Toulouse a confirmé son statut de favori en s'imposant 27-15 face à La Rochelle lors de la journée de Top 14. Les joueurs toulousains ont marqué trois essais décisifs dans le dernier quart d'heure. Cette victoire les place en position de leader du championnat de France.	des extraits de dépêche d'agence de presse (3 à 4 phrases) avec lieux et chiffres	sports	1
sports	À l'hippodrome de Longchamp, le pur-sang nommé 'Éclair de Lune' a remporté le Grand Prix de l'Arc de Triomphe avec une avance de deux longueurs. Le jockey a piloté le cheval avec une précision remarquable sur une distance de 2 400 mètres. La cote de l'animal était de 5 sur 1 avant le départ.	des extraits de dépêche d'agence de presse (3 à 4 phrases) avec lieux et chiffres	sports	1
sports	Le gymnase municipal de Nantes a accueilli la finale régionale de handball ce dimanche après-midi. L'équipe locale a remporté le trophée sur le score serré de 24-23 contre les champions de Bretagne. Le dernier arrêt du gardien à la 59ème minute a scellé le destin de la rencontre.	des extraits de dépêche d'agence de presse (3 à 4 phrases) avec lieux et chiffres	sports	1
sports	Le meeting d'athlétisme de l'Arena de Nice a été marqué par la performance exceptionnelle de l'Américain Noah Lyles sur le 100 mètres. Il a franchi la ligne en 9 secondes 82, battant son propre record personnel de 0,05 seconde. Les trois premiers du podium ont tous réalisé des temps sous la barre des 10 secondes.	des extraits de dépêche d'agence de presse (3 à 4 phrases) avec lieux et chiffres	sports	1
sports	Après une finale haletante au Stade de France, le capitaine a enfin pu soulever le trophée tant attendu.	des titres ou extraits où le thème se devine sans mot-clé évident	sports	1
sports	L'entraîneur a annoncé une rotation importante de l'effectif pour le match de retour de mardi prochain.	des titres ou extraits où le thème se devine sans mot-clé évident	sports	1
sports	Malgré une blessure à la cheville lors de la troisième période, le numéro 10 a réussi à inscrire le but de la victoire.	des titres ou extraits où le thème se devine sans mot-clé évident	sports	1
sports	Les préparatifs s'accélèrent sur les courts de Roland-Garros avant le début de la compétition.	des titres ou extraits où le thème se devine sans mot-clé évident	sports	1
sports	Un nouveau record du monde a été pulvérisé ce matin sur la piste de l'athlétisme à l'Arena.	des titres ou extraits où le thème se devine sans mot-clé évident	sports	1
sports	La défaite humiliante de hier soir place l'équipe en zone de relégation pour la fin de saison.	des titres ou extraits où le thème se devine sans mot-clé évident	sports	1
sports	Le transfert surprise de l'attaquant vers le club de la capitale a surpris l'ensemble des supporters.	des titres ou extraits où le thème se devine sans mot-clé évident	sports	1
sports	Trois minutes de suspension ont été infligées suite à une faute grossière sur l'adversaire.	des titres ou extraits où le thème se devine sans mot-clé évident	sports	1
sports	Les athlètes ont entamé leur cycle de préparation intensive en altitude pour maintenir leur endurance.	des titres ou extraits où le thème se devine sans mot-clé évident	sports	1
sports	Le score final de 3-2 laisse un goût amer aux locaux malgré une domination territoriale évidente.	des titres ou extraits où le thème se devine sans mot-clé évident	sports	1
economy	La hausse des taux directeurs de la BCE pèse sur les crédits immobiliers.	des titres d'articles courts et factuels	economy	1
economy	LVMH publie un chiffre d'affaires record au premier trimestre malgré l'inflation.	des titres d'articles courts et factuels	economy	1
economy	Le CAC 40 clôture en baisse après l'annonce de résultats décevants chez TotalEnergies.	des titres d'articles courts et factuels	economy	1
economy	Forte croissance de l'emploi dans le secteur bancaire en France.	des titres d'articles courts et factuels	economy	1
economy	L'indice de confiance des consommateurs chute de 2 points ce mois-ci.	des titres d'articles courts et factuels	economy	1
economy	Renégociation des accords salariaux chez Renault : les syndicats appellent à la mobilisation.	des titres d'articles courts et factuels	economy	1
economy	Les investisseurs se tournent vers les obligations après la volatilité sur les actions.	des titres d'articles courts et factuels	economy	1
economy	Le prix du baril de pétrole Brent remonte à 85 dollars le baril.	des titres d'articles courts et factuels	economy	1
economy	Expansion de la start-up lyonnaise de logistique dans l'Europe de l'Est.	des titres d'articles courts et factuels	economy	1
economy	Les PME du secteur industriel font face à une hausse de leurs coûts d'approvisionnement.	des titres d'articles courts et factuels	economy	1
economy	La hausse des taux de la BCE inquiète les investisseurs sur l'avenir de l'immobilier en France.	des titres accrocheurs de site web d'information	economy	1
economy	L'inflation repart à la hausse en zone euro : quelles conséquences pour le pouvoir d'achat des ménages ?	des titres accrocheurs de site web d'information	economy	1
economy	Fusion majeure dans le secteur bancaire : deux géants européens s'apprêtent à créer un nouveau leader européen.	des titres accrocheurs de site web d'information	economy	1
economy	Crise de l'emploi : le secteur de l'industrie automobile française entame un plan de restructuration massif.	des titres accrocheurs de site web d'information	economy	1
economy	Les start-up de la French Tech peinent à lever des fonds face à la remontée des rendements obligataires.	des titres accrocheurs de site web d'information	economy	1
economy	Prix du baril de pétrole : une nouvelle tension géopolitiale fait grimper les cours à plus de 90 dollars.	des titres accrocheurs de site web d'information	economy	1
economy	Le groupe TotalEnergies annonce une augmentation de ses dividendes pour les actionnaires.	des titres accrocheurs de site web d'information	economy	1
economy	Pénurie de composants : les constructeurs de machines industrielles font face à une explosion des coûts de production.	des titres accrocheurs de site web d'information	economy	1
economy	Le groupe LVMH a annoncé une hausse de son chiffre d'affaires de 8 % au premier trimestre. Cette performance robuste est portée par une demande soutenue sur le marché asiatique.	des chapeaux d'articles de deux phrases	economy	1
economy	La Banque Centrale Européenne a décidé de maintenir ses taux directeurs inchangés lors de sa réunion de ce matin. Les analystes prévoient toutefois un léger assouplissement de la politique monétaire d'ici la fin de l'année.	des chapeaux d'articles de deux phrases	economy	1
economy	La direction de la société Renault a présenté son nouveau plan de restructuration pour le marché européen. Ce programme prévoit l'investissement de 2 milliards d'euros dans la production de véhicules hybrides.	des chapeaux d'articles de deux phrases	economy	1
economy	Le CAC 40 a clôturé la séance en légère baisse malgré des échanges très volatils à l'ouverture. Les investisseurs restent prudents face aux incertitudes liées aux indicateurs d'inflation aux États-Unis.	des chapeaux d'articles de deux phrases	economy	1
economy	La start-up lyonnaise spécialisée dans la logistique vient de boucler une levée de fonds de 15 millions d'euros. Ce nouveau capital permettra de financer son expansion commerciale en Europe de l'Est.	des chapeaux d'articles de deux phrases	economy	1
economy	Le secteur de l'immobilier commercial subit une pression importante avec une hausse marquée des taux d'intérêt. Les agences de la région Île-de-France constatent une baisse de 12 % des transactions de bureaux.	des chapeaux d'articles de deux phrases	economy	1
economy	TotalEnergies a publié des résultats financiers records pour l'exercice précédent, portés par la hausse des cours du baril. La compagnie prévoit de redistribuer une part importante de ses bénéfices sous forme de dividendes.	des chapeaux d'articles de deux phrases	economy	1
economy	Les négociations entre le syndicat et le groupe industriel Airbus ont abouti à un accord sur les revalorisations salariales. Le nouveau contrat collectif sera appliqué dès le premier mois de juillet prochain.	des chapeaux d'articles de deux phrases	economy	1
economy	La cote de l'action Société Générale a dévissé de 4 % suite à l'annonce de pertes non récurrentes. Les marchés réagissent négativement à la révision à la baisse des prévisions de rentabilité annuelle.	des chapeaux d'articles de deux phrases	economy	1
economy	Le ministère de l'Économie a lancé un nouveau plan d'aide destiné aux petites et moyennes entreprises en difficulté. Ce dispositif vise à soutenir la trésorerie des commerçantes et artisans de la zone périurbaine.	des chapeaux d'articles de deux phrases	economy	1
economy	LYON - Le groupe industriel Rhône-Alpes a annoncé ce matin une hausse de son chiffre d'affaires de 12 % sur le premier semestre 2024. Cette croissance est portée par une demande accrue sur le marché européen des composants métalliques. Le bénéfice net s'élève désormais à 45 millions d'euros, dépassant les prévisions des analystes de la place lyonnaise.	des extraits de dépêche d'agence de presse (3 à 4 phrases) avec lieux et chiffres	economy	1
economy	PARIS - L'indice CAC 40 a clôturé la séance en légère baisse de 0,8 % à 7 450 points. Les secteurs bancaire et automobile ont particulièrement pesé sur la tendance globale suite à la publication des résultats trimestriels de la BNP Paribas. Les investisseurs restent prudents face à l'incertitude concernant les taux directeurs de la BCE.	des extraits de dépêche d'agence de presse (3 à 4 phrases) avec lieux et chiffres	economy	1
economy	MARSEILLE - La start-up logistique Mediterranean Express a levé 15 millions d'euros lors d'un tour de table de série B. Cet investissement, mené par un consortium de fonds de capital-risque, permettra de financer l'expansion de sa flotte de camions en Europe du Sud. La direction prévoit de doubler son effectif d'ici la fin de l'année.	des extraits de dépêche d'agence de presse (3 à 4 phrases) avec lieux et chiffres	economy	1
economy	BORDEAUX - Le secteur viticole girondin fait face à une contraction de ses exportations de 5 % sur le marché chinois. Selon les dernières données de la Chambre de Commerce, la baisse des volumes impacte directement la rentabilité des petits exploitants de la région. Des mesures de soutien financier sont actuellement à l'étude par les autorités locales.	des extraits de dépêche d'agence de presse (3 à 4 phrases) avec lieux et chiffres	economy	1
economy	NANTES - La multinationale agroalimentaire Nantes-Agro a confirmé la fermeture de deux de ses usines de transformation en Bretagne. Cette restructuration, qui concerne environ 300 salariés, vise à réduire les coûts opérationnels de 200 millions d'euros d'ici 2026. Le groupe souhaite ainsi recentrer ses activités sur les produits à forte valeur ajoutée.	des extraits de dépêche d'agence de presse (3 à 4 phrases) avec lieux et chiffres	economy	1
economy	STRASBOURG - Les négociations entre les syndicats et la direction de l'entreprise de distribution Alsace-Logistique ont abouti à un accord salarial. Une revalorisation de 3 % du salaire minimum conventionnel a été actée pour l'ensemble des employés de l'usine. Le coût total pour l'entreprise est estimé à 12 millions d'euros par an.	des extraits de dépêche d'agence de presse (3 à 4 phrases) avec lieux et chiffres	economy	1
economy	LILLE - Le géant de la grande distribution Nord-Retail a publié des résultats annuels en ligne avec ses objectifs de rentabilité. Le groupe affiche une marge opérationnelle de 4,2 %, malgré une inflation persistante sur les produits de première nécessité. La stratégie de réduction des coûts logistiques commence à porter ses fruits sur le segment de l'alimentaire.	des extraits de dépêche d'agence de presse (3 à 4 phrases) avec lieux et chiffres	economy	1
economy	TOULOUSE - Le sous-traitant aéronautique Occitanie-Méca a signé un contrat de 85 millions d'euros avec un constructeur majeur. Ce nouveau carnet de commandes garantit un carnet de production rempli pour les trois prochaines années. L'entreprise prévoit d'investir 10 millions d'euros dans de nouvelles machines de découpe de précision.	des extraits de dépêche d'agence de presse (3 à 4 phrases) avec lieux et chiffres	economy	1
economy	NICE - Le secteur de l'immobilier de bureau sur la Côte d'Azur subit une forte hausse des taux de vacance, atteignant désormais 15 %. Les investisseurs institutionnels privilégient désormais les actifs résidentiels plus résilients face à la conjoncture actuelle. Le volume des transactions a chuté de 22 % par rapport à l'exercice précédent.	des extraits de dépêche d'agence de presse (3 à 4 phrases) avec lieux et chiffres	economy	1
economy	LENS - Le groupe de distribution Nord-Sud a annoncé une augmentation de son dividende de 5 % par action. Cette décision intervient après une année de forte génération de flux de trésorerie disponible. Le conseil d'administration a également validé un plan de rachat d'actions d'un montant de 50 millions d'euros.	des extraits de dépêche d'agence de presse (3 à 4 phrases) avec lieux et chiffres	economy	1
economy	Après trois trimestres de croissance stagnante, le groupe LVMH annonce une révision à la baisse de ses prévisions pour la fin de l'année, impacté par la baisse de la consommation en Asie.	des titres ou extraits où le thème se devine sans mot-clé évident	economy	1
economy	La Banque Centrale Européenne pourrait maintenir ses taux d'intérêt inchangés lors de sa prochaine réunion de politique monétaire, malgré une inflation qui peine à rejoindre la cible des 2%.	des titres ou extraits où le thème se devine sans mot-clé évident	economy	1
economy	Le CAC 40 a clôturé la séance en légère baisse, plombé par la chute des valeurs énergétiques et les incertitudes liées aux tensions géopolitiques en Europe de l'Est.	des titres ou extraits où le thème se devine sans mot-clé évident	economy	1
economy	Une restructuration majeure est en cours au sein de la direction de la filiale automobile, prévoyant la suppression de 500 postes d'ici l'horizon 2025.	des titres ou extraits où le thème se devine sans mot-clé évident	economy	1
economy	Les investisseurs se tournent massivement vers les obligations d'État, cherchant refuge dans des actifs moins volatils face à l'instabilité des indices boursiers mondiaux.	des titres ou extraits où le thème se devine sans mot-clé évident	economy	1
economy	L'acquisition de la start-up lyonnaise par le géant de la grande distribution pourrait redessiner les parts de marché du secteur de la logistique de proximité.	des titres ou extraits où le thème se devine sans mot-clé évident	economy	1
economy	La hausse du coût des matières premières pèse lourdement sur les marges opérationnelles des industriels de la métallurgie, qui envisagent de renégocier leurs contrats de fourniture.	des titres ou extraits où le thème se devine sans mot-clé évident	economy	1
economy	Le chiffre d'affaires de la PME bordelaise a bondi de 15% sur l'exercice précédent, porté par une expansion réussie sur le marché nord-américain.	des titres ou extraits où le thème se devine sans mot-clé évident	economy	1
economy	Une baisse du pouvoir d'achat des ménages pourrait ralentir la reprise de la demande intérieure, selon les dernières estimations des analystes financiers.	des titres ou extraits où le thème se devine sans mot-clé évident	economy	1
economy	Les dividendes versés par les sociétés du secteur bancaire ont atteint un niveau record, soutenus par une rentabilité accrue des actifs sous gestion.	des titres ou extraits où le thème se devine sans mot-clé évident	economy	1
science_tech	Une nouvelle architecture de processeur quantique atteint un record de stabilité	des titres d'articles courts et factuels	science_tech	1
science_tech	Avancée majeure en neurosciences : une interface cerveau-machine permet de traduire la pensée en texte	des titres d'articles courts et factuels	science_tech	1
science_tech	L'intelligence artificielle générative capable de prédire la structure complexe des protéines	des titres d'articles courts et factuels	science_tech	1
science_tech	Découverte d'un nouveau type de cellule souches dans le tissu nerveux humain	des titres d'articles courts et factuels	science_tech	1
science_tech	Un robot humanoïde doté de capteurs tactiles ultra-sensibles réussit une manipulation délicate	des titres d'articles courts et factuels	science_tech	1
science_tech	Les chercheurs du CNRS isolent un nouveau composé chimique aux propriétés semi-conductrices	des titres d'articles courts et factuels	science_tech	1
science_tech	Succès de la première mission d'exploration robotisée sur la surface de l'astéroïde Bennu	des titres d'articles courts et factuels	science_tech	1
science_tech	Nouveau vaccin à ARN messager en phase de test pour lutter contre le virus Zika	des titres d'articles courts et factuels	science_tech	1
science_tech	Déploiement de la technologie 6G : les premiers prototypes de communication ultra-rapide testés à Tokyo	des titres d'articles courts et factuels	science_tech	1
science_tech	Percée majeure à l'INRIA : une nouvelle architecture d'IA capable de raisonner de manière logique	des titres accrocheurs de site web d'information	science_tech	1
science_tech	Le nouveau télescope spatial détecte des traces d'eau sur une exoplanète située à 40 années-lumière	des titres accrocheurs de site web d'information	science_tech	1
science_tech	Quantique : les chercheurs de l'université de Delft parviennent à stabiliser un qubit pendant plus de dix minutes	des titres accrocheurs de site web d'information	science_tech	1
science_tech	Cybersécurité : une faille critique découverte dans le protocole de communication des objets connectés	des titres accrocheurs de site web d'information	science_tech	1
science_tech	Mars : la NASA dévoile les images haute résolution de la structure de l'ancien cratère Jezero	des titres accrocheurs de site web d'information	science_tech	1
science_tech	Robotique médicale : ce bras articulé ultra-précis qui pourrait révolutionner la micro-chirurgie	des titres accrocheurs de site web d'information	science_tech	1
science_tech	L'astrophysique en pleine mutation grâce à l'analyse des ondes gravitationnelles par l'observatoire LIGO	des titres accrocheurs de site web d'information	science_tech	1
science_tech	Biotechnologies : une nouvelle méthode d'édition génomique CRISPR promet de corriger les mutations cellulaires	des titres accrocheurs de site web d'information	science_tech	1
science_tech	Capteurs biométriques : comment la nouvelle technologie de reconnaissance rétinienne transforme l'accès aux données	des titres accrocheurs de site web d'information	science_tech	1
science_tech	Neurosciences : une expérience inédite permet de cartographier les connexions synaptiques en temps réel	des titres accrocheurs de site web d'information	science_tech	1
science_tech	Des chercheurs de l'Institut Pasteur ont réussi à isoler une nouvelle protéine impliquée dans la régénération cellulaire. Cette découverte pourrait ouvrir la voie à des traitements révolutionnaires contre les maladies neurodégénératives.	des chapeaux d'articles de deux phrases	science_tech	1
science_tech	Le nouveau processeur QuantumX vient d'être testé avec succès dans un laboratoire de Zurich. Sa capacité de calcul dépasse de mille fois celle des architectures silicium traditionnelles.	des chapeaux d'articles de deux phrases	science_tech	1
science_tech	L'astrophysicien Marc Lefebvre a identifié une exoplanète située à 40 années-lumière de notre système solaire. Les données recueillies par le télescope spatial suggèrent la présence d'une atmosphère riche en oxygène.	des chapeaux d'articles de deux phrases	science_tech	1
science_tech	La mise à jour logicielle 15.4 pour les systèmes d'exploitation mobiles introduit une interface neuronale expérimentale. Cette technologie permet désormais de piloter certaines applications via de simples commandes oculaires.	des chapeaux d'articles de deux phrases	science_tech	1
science_tech	Une équipe de neurobiologistes a cartographié avec une précision inédite les connexions synaptiques du cortex préfrontal. Cette avancée majeure permet de mieux comprendre les mécanismes de la mémoire à court terme.	des chapeaux d'articles de deux phrases	science_tech	1
science_tech	Le prototype du robot chirurgical MedBot-V a passé avec succès les tests cliniques à l'hôpital de Lyon. Ce dispositif autonome est capable d'effectuer des sutures de précision sur des tissus ultra-sensibles.	des chapeaux d'articles de deux phrases	science_tech	1
science_tech	L'agence spatiale européenne a déployé une nouvelle sonde destinée à explorer les lunes de Jupiter. Sa mission principale consiste à analyser la composition chimique des panaches de glace détectés récemment.	des chapeaux d'articles de deux phrases	science_tech	1
science_tech	De nouveaux matériaux composites à base de graphène viennent d'être synthétisés par l'université de Tokyo. Ces composants offrent une résistance thermique exceptionnelle tout en conservant une légèreté extrême.	des chapeaux d'articles de deux phrases	science_tech	1
science_tech	Le déploiement de la puce de communication 6G commence à être testé dans les zones urbaines de Singapour. Cette infrastructure promet une latence quasi nulle pour les objets connectés de demain.	des chapeaux d'articles de deux phrases	science_tech	1
science_tech	Des scientifiques du CNRS ont découvert une nouvelle espèce de micro-organismes vivant dans les profondeurs de l'océan Indien. Ces organismes possèdent un métabolisme unique basé sur la chimioluminescence.	des chapeaux d'articles de deux phrases	science_tech	1
science_tech	À l'Institut Pasteur de Paris, des chercheurs ont annoncé la découverte d'un nouveau mécanisme de résistance bactérienne. L'étude, publiée ce mardi, identifie une mutation précise sur le chromosome 4. Cette avancée permet d'envisager de nouveaux protocoles thérapeutiques pour traiter les infections chroniques.	des extraits de dépêche d'agence de presse (3 à 4 phrases) avec lieux et chiffres	science_tech	1
science_tech	Le centre de calcul de Strasbourg a atteint une performance record de 500 pétaflops lors de ses derniers tests. Cette puissance de calcul est destinée à la simulation de modèles moléculaires complexes. Le projet nécessite l'utilisation de 2000 processeurs de dernière génération.	des extraits de dépêche d'agence de presse (3 à 4 phrases) avec lieux et chiffres	science_tech	1
science_tech	Des astronomes de l'Observatoire de la Côte d'Azur ont détecté un signal radio inhabituel provenant de la constellation de Centaurus. Le signal, capté par le radiotélescope de 15 mètres, a duré exactement 12 secondes. Les équipes tentent désormais de déterminer s'il s'agit d'un phénomène naturel ou d'une interférence.	des extraits de dépêche d'agence de presse (3 à 4 phrases) avec lieux et chiffres	science_tech	1
science_tech	Le laboratoire de microélectronique de Grenoble a dévoilé un nouveau transistor à base de graphène. Ce composant permet une réduction de la consommation énergétique de 30 % par rapport aux standards actuels. Les premiers prototypes seront testés dans des circuits intégrés d'ici la fin de l'année.	des extraits de dépêche d'agence de presse (3 à 4 phrases) avec lieux et chiffres	science_tech	1
science_tech	Une équipe de neuroscientifiques de l'Université de Lyon a réussi à cartographier 5000 neurones interconnectés en temps réel. L'expérience utilise une technique d'imagerie optique haute résolution. Ces résultats ouvrent la voie à une meilleure compréhension des circuits de la mémoire.	des extraits de dépêche d'agence de presse (3 à 4 phrases) avec lieux et chiffres	science_tech	1
science_tech	Le prototype de l'ordinateur quantique développé à l'EPFL de Lausanne a surpassé les algorithmes classiques sur une tâche de factorisation spécifique. Le processeur utilise 50 qubits supraconducteurs stables. Les ingénieurs prévoient une montée en puissance de l'architecture dès 2026.	des extraits de dépêche d'agence de presse (3 à 4 phrases) avec lieux et chiffres	science_tech	1
science_tech	Des ingénieurs de l'agence spatiale européenne ont testé avec succès un nouveau propulseur ionique à Bordeaux. Ce système de propulsion présente un rendement thermique supérieur de 15 %. Il est destiné aux futures missions d'exploration vers les astéroïdes de la ceinture principale.	des extraits de dépêche d'agence de presse (3 à 4 phrases) avec lieux et chiffres	science_tech	1
science_tech	Un nouveau capteur biométrique a été présenté lors de la conférence technologique de Toulouse. Ce dispositif permet une lecture de l'empreinte sous-cutanée avec une précision de 99,9 %. Il intègre une puce de décodage cryptographique ultra-rapide.	des extraits de dépêche d'agence de presse (3 à 4 phrases) avec lieux et chiffres	science_tech	1
science_tech	Des chercheurs de l'Université de Montpellier ont mis au point une méthode de séquençage génétique accélérée. Le procédé réduit le temps d'analyse d'un génome complet de 48 à seulement 3 heures. L'utilisation de nanobots permet une précision de lecture inégalée.	des extraits de dépêche d'agence de presse (3 à 4 phrases) avec lieux et chiffres	science_tech	1
science_tech	Le centre de robotique de Nantes a présenté un bras articulé capable de manipuler des objets de moins de 2 millimètres. Ce robot utilise une technologie de vision artificielle basée sur l'apprentissage profond. Ses mouvements sont précis à 0,01 millimètre près.	des extraits de dépêche d'agence de presse (3 à 4 phrases) avec lieux et chiffres	science_tech	1
science_tech	Une équipe de chercheurs de l'Université de Tokyo a réussi à stabiliser un nouveau type de supraconducteur à température ambiante, ouvrant la voie à des réseaux électriques sans perte d'énergie.	des titres ou extraits où le thème se devine sans mot-clé évident	science_tech	1
science_tech	Le nouveau processeur ARM-X12 intègre une architecture neuronale capable de traiter des flux de données massifs avec une latence quasi nulle.	des titres ou extraits où le thème se devine sans mot-clé évident	science_tech	1
science_tech	L'astronome Marc Lefebvre a détecté des variations périodiques de luminosité autour d'une étoile située dans la constellation de la Lyre, suggérant la présence d'une exoplanète rocheuse.	des titres ou extraits où le thème se devine sans mot-clé évident	science_tech	1
science_tech	Une nouvelle méthode de séquençage de l'ADN permet désormais d'identifier des mutations génétiques spécifiques en moins de deux heures seulement.	des titres ou extraits où le thème se devine sans mot-clé évident	science_tech	1
science_tech	L'intégration de la réalité augmentée dans les interfaces chirurgicales permet de superposer les images issues de l'IRM directement sur le champ opératoire en temps réel.	des titres ou extraits où le thème se devine sans mot-clé évident	science_tech	1
science_tech	Les tests menés sur l'algorithme de vision par ordinateur révèlent une capacité inédite à distinguer des formes complexes dans des conditions de faible luminosité.	des titres ou extraits où le thème se devine sans mot-clé évident	science_tech	1
science_tech	Le laboratoire de nanotechnologie de Grenoble a mis au point des capteurs microscopiques capables de mesurer la pression intracellulaire sans endommager la membrane.	des titres ou extraits où le thème se devine sans mot-clé évident	science_tech	1
science_tech	Une mise à jour du noyau du système d'exploitation améliore la gestion de la mémoire vive pour les applications gourmandes en ressources de calcul.	des titres ou extraits où le thème se devine sans mot-clé évident	science_tech	1
science_tech	Les travaux de l'institut de physique quantique ont abouti à une augmentation significative du temps de cohérence des qubits au sein de la structure cryogénique.	des titres ou extraits où le thème se devine sans mot-clé évident	science_tech	1
science_tech	Le déploiement de la nouvelle génération de satellites de communication assure une couverture globale avec un débit de données multiplié par dix.	des titres ou extraits où le thème se devine sans mot-clé évident	science_tech	1
culture	Sortie du nouveau roman de Leïla Slimani à la librairie Decitre	des titres d'articles courts et factuels	culture	1
culture	Le Musée d'Orsay annonce une rétrospective dédiée à l'impressionnisme	des titres d'articles courts et factuels	culture	1
culture	Festival de Cannes : la clôture de la 77ème édition	des titres d'articles courts et factuels	culture	1
culture	L'album de l'année pour l'artiste franco-belge Stromae	des titres d'articles courts et factuels	culture	1
culture	Ouverture de l'exposition photographique à la Villa Médicis	des titres d'articles courts et factuels	culture	1
culture	Le biopic sur l'icône du jazz arrive prochainement sur les plateformes	des titres d'articles courts et factuels	culture	1
culture	Trois chefs-d'œuvre de la littérature classique à redécouvrir	des titres d'articles courts et factuels	culture	1
culture	La troupe de théâtre du Théâtre National présente sa nouvelle pièce	des titres d'articles courts et factuels	culture	1
culture	Retour sur les plus grands succès de la chanson française des années 80	des titres d'articles courts et factuels	culture	1
culture	L'affiche du film d'animation de l'année dévoilée par le studio français	des titres d'articles courts et factuels	culture	1
culture	Le nouveau roman de Delphine de Vigan : un voyage bouleversant au cœur de la mémoire	des titres accrocheurs de site web d'information	culture	1
culture	Festival de Cannes : la palme d'or attribuée à ce chef-d'œuvre inattendu du cinéma coréen	des titres accrocheurs de site web d'information	culture	1
culture	L'exposition immersive qui transforme les murs du Grand Palais en chef-d'œuvre de Van Gogh	des titres accrocheurs de site web d'information	culture	1
culture	Rencontre avec l'égérie de la mode qui révolutionne la scène musicale française	des titres accrocheurs de site web d'information	culture	1
culture	Classique incontournable : pourquoi ce chef-d'œuvre de la littérature du XIXe siècle séduit encore la jeunesse	des titres accrocheurs de site web d'information	culture	1
culture	Album de l'année : le retour triomphal de la pop iconique avec des mélodies entêtantes	des titres accrocheurs de site web d'information	culture	1
culture	Les 5 expositions à ne pas manquer cet automne dans les musées parisiens	des titres accrocheurs de site web d'information	culture	1
culture	Sortie ciné : le biopic sur l'icône du jazz qui fera pleurer les spectateurs	des titres accrocheurs de site web d'information	culture	1
culture	Musée du Louvre : une nouvelle galerie dédiée aux trésors de l'Égypte antique ouvre ses portes	des titres accrocheurs de site web d'information	culture	1
culture	L'art urbain s'invite en plein centre de Lyon pour une fresque monumentale	des titres accrocheurs de site web d'information	culture	1
culture	Le nouveau roman de Camille Perrin, intitulé 'L'Ombre du passé', s'est hissé en tête des ventes cette semaine. Cette œuvre captivante explore les secrets de famille enfouis dans un petit village de Bretagne.	des chapeaux d'articles de deux phrases	culture	1
culture	L'exposition immersive consacrée aux impressionnistes ouvre ses portes demain au Musée d'Orsay. Le public pourra déambuler au cœur de chefs-d'œuvre de Monet et Renoir redessinés en format géant.	des chapeaux d'articles de deux phrases	culture	1
culture	La chanteuse pop Jade Miller vient d'annoncer une tournée mondiale débutant à Paris en septembre prochain. Les premiers billets seront mis en vente dès lundi matin sur les plateformes habituelles.	des chapeaux d'articles de deux phrases	culture	1
culture	Le festival de jazz de Montreux propose une programmation riche et éclectique pour sa prochaine édition. Les organisateurs ont invité des légendes du genre ainsi que de jeunes talents de la scène européenne.	des chapeaux d'articles de deux phrases	culture	1
culture	Le film de science-fiction réalisé par Lucas Durand a remporté le Grand Prix au festival de Cannes. La critique salue particulièrement la beauté des décors et la performance magistrale de l'actrice principale.	des chapeaux d'articles de deux phrases	culture	1
culture	Une rétrospective inédite sur l'art urbain s'installe dans les galeries de la ville de Lyon. Les visiteurs pourront découvrir des graffitis et des fresques monumentales issus de la scène internationale.	des chapeaux d'articles de deux phrases	culture	1
culture	L'album de rap très attendu de l'artiste Shadow est enfin disponible sur toutes les plateformes de streaming. Ce projet conceptuel mêle des sonorités classiques à des rythmes modernes percutants.	des chapeaux d'articles de deux phrases	culture	1
culture	La librairie 'Le Vieux Grimoire' organise une séance de dédicaces avec l'écrivain Marc Vallet ce samedi. L'auteur partagera ses inspirations lors d'un échange convivial avec ses lecteurs passionnés.	des chapeaux d'articles de deux phrases	culture	1
culture	Le ballet national présente une nouvelle interprétation du Lac des Cygnes au Théâtre du Châtelet. Cette version contemporaine revisite les codes classiques avec une chorégraphie audacieuse et épurée.	des chapeaux d'articles de deux phrases	culture	1
culture	Une collection de bandes dessinées rares sera présentée lors de la prochaine foire du livre à Bruxelles. Les collectionneurs pourront admirer des planches originales d'auteurs emblématiques du XXe siècle.	des chapeaux d'articles de deux phrases	culture	1
culture	Le nouveau roman de l'écrivain Marc Lefebvre, intitulé 'L'Ombre des Pierres', a débuté sa tournée de dédicaces à Lyon ce mardi. L'ouvrage, déjà vendu à plus de 50 000 exemplaires en France, rencontre un vif succès auprès du public lyonnais. Une rencontre est également prévue à Bordeaux dès la semaine prochaine.	des extraits de dépêche d'agence de presse (3 à 4 phrases) avec lieux et chiffres	culture	1
culture	Le Festival de Musique Classique de Cannes ouvrira ses portes avec un concert exceptionnel de l'orchestre philharmonique samedi soir. Plus de 2 500 spectateurs sont attendus pour cette première édition qui réunira dix solistes internationaux. La billetterie affiche déjà un taux de remplissage de 90 %.	des extraits de dépêche d'agence de presse (3 à 4 phrases) avec lieux et chiffres	culture	1
culture	L'exposition immersive dédiée à la peinture impressionniste s'installe au Grand Palais à Paris pour une durée de trois mois. Le parcours propose 15 installations numériques permettant de voyager au cœur des œuvres de Monet et Renoir. L'entrée est gratuite pour les moins de 26 ans.	des extraits de dépêche d'agence de presse (3 à 4 phrases) avec lieux et chiffres	culture	1
culture	La chanteuse pop Elena Rossi vient d'annoncer une série de 12 dates pour sa tournée européenne prévue à l'automne 2025. La première étape de ce concert se tiendra à l'Accor Arena de Paris le 14 octobre prochain. Les préventes débuteront ce vendredi à 10 heures.	des extraits de dépêche d'agence de presse (3 à 4 phrases) avec lieux et chiffres	culture	1
culture	Le prestigieux prix littéraire de la ville de Nantes a récompensé hier soir la jeune romancière Claire Morel. Son essai sur l'histoire de la Bretagne a reçu l'adhésion unanime du jury composé de 7 membres. La cérémonie s'est déroulée dans le cadre historique du Château des ducs de Bretagne.	des extraits de dépêche d'agence de presse (3 à 4 phrases) avec lieux et chiffres	culture	1
culture	Une rétrospective cinématographique consacrée au cinéma noir des années 50 débute demain au cinéma Le Louxor. Le programme comprend 22 films restaurés en haute définition, présentés dans leur format original. Les organisateurs espèrent attirer près de 10 000 cinéphiles durant la quinzaine.	des extraits de dépêche d'agence de presse (3 à 4 phrases) avec lieux et chiffres	culture	1
culture	Le conservatoire de Strasbourg présente une nouvelle pièce de théâtre contemporaine jouée par une troupe de 5 acteurs. La première représentation est prévue ce jeudi soir dans la petite salle de l'auditorium municipal. Les places sont limitées à 150 spectateurs pour garantir une proximité avec les artistes.	des extraits de dépêche d'agence de presse (3 à 4 phrases) avec lieux et chiffres	culture	1
culture	Le musée d'art moderne de Lille dévoile sa nouvelle collection de sculptures en bronze acquise récemment. L'investissement s'élève à 450 000 euros pour l'acquisition de 3 pièces majeures de l'artiste sculptrice Sofia Gallo. Le vernissage public aura lieu le 5 septembre prochain.	des extraits de dépêche d'agence de presse (3 à 4 phrases) avec lieux et chiffres	culture	1
culture	Le groupe de jazz septeto de Marseille sort son troisième album studio intitulé 'Nuits d'Ébène'. L'enregistrement, réalisé en studio à Nice, regroupe 8 musiciens de renommée régionale. Le disque est disponible dès maintenant sur toutes les plateformes de streaming.	des extraits de dépêche d'agence de presse (3 à 4 phrases) avec lieux et chiffres	culture	1
culture	La librairie indépendante 'Le Vieux Grimoire' à Toulouse fête ses 40 ans d'existence avec une exposition de livres anciens. Plus de 200 ouvrages rares sont exposés dans les rayons de la boutique située près de la place du Capitole. Un cocktail de célébration est organisé pour les fidèles clients samedi soir.	des extraits de dépêche d'agence de presse (3 à 4 phrases) avec lieux et chiffres	culture	1
culture	Après trois ans de tournée internationale, la violoniste s'installe à Lyon pour une série de récitals intimistes dans des lieux chargés d'histoire.	des titres ou extraits où le thème se devine sans mot-clé évident	culture	1
culture	La nouvelle enquête de l'auteur de 'L'Ombre du passé' promet une immersion fascinante dans le Paris de la Belle Époque.	des titres ou extraits où le thème se devine sans mot-clé évident	culture	1
culture	Une mise en scène audacieuse qui réinvente les classiques de la comédie musicale avec une troupe composée majoritairement de jeunes talents.	des titres ou extraits où le thème se devine sans mot-clé évident	culture	1
culture	Le vernissage de la rétrospective consacrée aux peintres impressionnistes a attiré une foule immense dès l'ouverture des portes ce matin.	des titres ou extraits où le thème se devine sans mot-clé évident	culture	1
culture	Un rythme effréné et des dialogues ciselés marquent le retour en force de cette actrice iconique sur le grand écran.	des titres ou extraits où le thème se devine sans mot-clé évident	culture	1
culture	Les notes de piano résonnent encore dans l'esprit des spectateurs après cette interprétation magistrale de la sonate lunaire.	des titres ou extraits où le thème se devine sans mot-clé évident	culture	1
culture	Une exploration visuelle inédite qui utilise les textures et les couleurs pour raconter le voyage intérieur d'un personnage solitaire.	des titres ou extraits où le thème se devine sans mot-clé évident	culture	1
culture	L'édition de cette année met à l'honneur des œuvres oubliées, redonnant vie à des manuscrits précieux conservés dans des collections privées.	des titres ou extraits où le thème se devine sans mot-clé évident	culture	1
culture	Un mélange surprenant de rythmes traditionnels et de sonorités contemporaines qui bouscule les codes de la scène actuelle.	des titres ou extraits où le thème se devine sans mot-clé évident	culture	1
culture	Les murs de la galerie s'habillent de photographies argentiques capturant l'essence même de la vie quotidienne dans les quartiers populaires.	des titres ou extraits où le thème se devine sans mot-clé évident	culture	1
crime	Un cambriolage à l'arme blanche fait deux blessés dans le centre de Lyon.	des titres d'articles courts et factuels	crime	1
crime	Collision tragique sur l'A7 : trois automobilistes hospitalisés dans un état grave.	des titres d'articles courts et factuels	crime	1
crime	Le tribunal de Bobigny condamne un homme à cinq ans de prison ferme pour vol aggravé.	des titres d'articles courts et factuels	crime	1
crime	Disparition inquiétante d'un adolescent de 14 ans à Nantes : l'enquête s'accélère.	des titres d'articles courts et factuels	crime	1
crime	Incendie criminel dans un entrepôt de la zone industrielle de Toulouse : la police interpelle un suspect.	des titres d'articles courts et factuels	crime	1
crime	Deux femmes arrêtées après une altercation violente devant une boulangerie à Lille.	des titres d'articles courts et factuels	crime	1
crime	Un important trafic de stupéfiants démantelé par la gendarmerie en Corse.	des titres d'articles courts et factuels	crime	1
crime	Un conducteur de scooter renverse un piéton à Strasbourg, la fuite est en cours.	des titres d'articles courts et factuels	crime	1
crime	Le préfet de Seine-Saint-Denis annonce l'ouverture d'une instruction pour empoisonnement.	des titres d'articles courts et factuels	crime	1
crime	Braquage d'une agence de transfert de fonds à Marseille : les auteurs ont pris la fuite.	des titres d'articles courts et factuels	crime	1
crime	Drame sur l'A7 : un important carambolage fait trois blessés graves entre Lyon et Valence	des titres accrocheurs de site web d'information	crime	1
crime	Toulouse : un homme interpellé après avoir fait irruption dans une banque avec une arme blanche	des titres accrocheurs de site web d'information	crime	1
crime	Cambriolage nocturne dans une villa de la Côte d'Azur : les cambrioleurs s'enfuient avec des bijoux de grande valeur	des titres accrocheurs de site web d'information	crime	1
crime	Cour d'assises de Paris : verdict attendu pour l'affaire de la disparition de la jeune étudiante de la rue Mouffetard	des titres accrocheurs de site web d'information	crime	1
crime	Un conducteur alcoolisé percute une terrasse de café à Nantes, plusieurs clients transportés à l'hôpital	des titres accrocheurs de site web d'information	crime	1
crime	Lille : une importante opération de police démantèle un réseau de trafic de stupéfiants dans le quartier de la Guillotière	des titres accrocheurs de site web d'information	crime	1
crime	Incendie criminel dans un entrepôt de la banlieue lyonnaise : la piste du pyromane est privilégiée par les enquêteurs	des titres accrocheurs de site web d'information	crime	1
crime	Strasbourg : une agression brutale sur un commerçant suscite l'indignation des riverains	des titres accrocheurs de site web d'information	crime	1
crime	Escroquerie massive à la retraite : un homme arrêté pour avoir détourné 50 000 euros à des personnes âgées	des titres accrocheurs de site web d'information	crime	1
crime	Un accident de la route impliquant un poids lourd et une voiture de tourisme bloque la circulation pendant 4 heures en Bretagne	des titres accrocheurs de site web d'information	crime	1
crime	Un automobiliste a terminé sa course dans un ravin sur la route départementale 92, près de Limoges. Les secours ont dû intervenir de nuit pour extraire le conducteur, grièvement blessé.	des chapeaux d'articles de deux phrases	crime	1
crime	Le tribunal de grande instance de Lyon a condamné hier le principal suspect de l'affaire du quartier de la Croix-Rousse. Il écope de douze ans de réclusion criminelle pour vol aggravé et violence.	des chapeaux d'articles de deux phrases	crime	1
crime	Une importante opération de police a été menée ce matin dans un immeuble de la banlieue lyonnaise. Les forces de l'ordre ont saisi une importante quantité de stupéfiants et de matériel de fraude.	des chapeaux d'articles de deux phrases	crime	1
crime	Un incendie s'est déclaré dans un entrepôt de la zone industrielle de Saint-Nazaire durant la nuit. Aucun blessé n'est à déplorer, mais les dégâts matériels sont considérables.	des chapeaux d'articles de deux phrases	crime	1
crime	Le suspect de l'agression survenue au centre commercial de Nantes a été interpellé par la brigade criminelle. Il est actuellement en garde à vue pour répondre des faits de braquage.	des chapeaux d'articles de deux phrases	crime	1
crime	Une collision entre un poids lourd et une voiture légère a provoqué d'importants ralentissements sur l'A7 ce matin. La circulation est toujours perturbée à l'approche du tunnel de l'Esselon.	des chapeaux d'articles de deux phrases	crime	1
crime	La gendarmerie de l'Oise a découvert un réseau de cambriolages ciblant les résidences secondaires du secteur. Trois individus ont été arrêtés en possession de bijoux et d'objets de valeur.	des chapeaux d'articles de deux phrases	crime	1
crime	Un homme de 45 ans a été arrêté après avoir dégradé plusieurs véhicules stationnés dans le centre de Bordeaux. L'individu présentait des signes manifestes d'ébriété lors de son interpellation.	des chapeaux d'articles de deux phrases	crime	1
crime	La famille de la victime de l'accident de la route s'est réunie devant le palais de justice pour réclamer justice. Le procès pour homicide involontaire débutera le mois prochain.	des chapeaux d'articles de deux phrases	crime	1
crime	Un cambriolage spectaculaire a eu lieu dans une villa de la Côte d'Azur durant le week-end. Les malfaiteurs ont pénétré dans la propriété en neutralisant le système d'alarme.	des chapeaux d'articles de deux phrases	crime	1
crime	LYON - Une importante collision impliquant trois véhicules s'est produite hier matin sur l'autoroute A7, près de l'échangeur de Saint-Priest. L'accident a fait deux blessés légers, pris en charge par les pompiers du SDIS 69. La circulation a été interrompue pendant plus de deux heures pour permettre l'intervention des services de secours.	des extraits de dépêche d'agence de presse (3 à 4 phrases) avec lieux et chiffres	crime	1
crime	BORDEAUX - Le parquet de Bordeaux a ouvert une enquête pour homicide involontaire suite à un accident de la route survenu sur la route nationale 10. Un conducteur de 28 ans, qui circulait à une vitesse excessive, a percuté un cycliste en direction de Libourne. La victime est actuellement hospitalisée en état critique à l'hôpital Pellegrin.	des extraits de dépêche d'agence de presse (3 à 4 phrases) avec lieux et chiffres	crime	1
crime	NANTES - Un cambriolage spectaculaire a été perpétré dans une résidence de luxe de l'avenue de la Loire durant la nuit de mardi à mercredi. Les auteurs, qui auraient agi en groupe de quatre individus, ont dérobé des bijoux d'une valeur estimée à 50 000 euros. La gendarmerie locale a retrouvé des traces de traces de verre brisé à l'entrée de la propriété.	des extraits de dépêche d'agence de presse (3 à 4 phrases) avec lieux et chiffres	crime	1
crime	MARSEILLE - Une importante opération de police a été menée ce matin dans le 3ème arrondissement de Marseille pour démanteler un réseau de trafic de stupéfiants. La saisie fait état de 12 kilogrammes de cannabis et de plusieurs armes de poing retrouvées lors de la perquisition. Trois individus ont été interpellés et placés en garde à vue.	des extraits de dépêche d'agence de presse (3 à 4 phrases) avec lieux et chiffres	crime	1
crime	LILLE - Un incendie s'est déclaré dans un entrepôt de stockage situé dans la zone industrielle de Roubaix, causant d'importants dégâts matériels. Le feu, qui s'est déclaré vers 22h30, a nécessité l'intervention de 15 sapeurs-pompiers pour maîtriser les flammes. Aucune victime n'est à déplorer, mais les pertes financières sont encore difficiles à évaluer.	des extraits de dépêche d'agence de presse (3 à 4 phrases) avec lieux et chiffres	crime	1
crime	STRASBOURG - La justice Strasbourgeoise a rendu son verdict ce jeudi dans l'affaire du vol de sac à main survenu le mois dernier place Kléber. Le prévenu, un homme de 19 ans, a été condamné à 18 mois de prison ferme pour vol avec violence. Les victimes ont pu obtenir réparation par le biais de dommages et intérêts.	des extraits de dépêche d'agence de presse (3 à 4 phrases) avec lieux et chiffres	crime	1
crime	NICE - Un accident de la circulation impliquant un bus de transport urbain et une voiture particulière a eu lieu sur la Promenade des Anglais. Le choc, survenu à la hauteur du Jardin Albert 1er, a fait quatre blessés dont un passager du bus. Les enquêteurs de la police nationale tentent de déterminer les causes exactes du sinistre.	des extraits de dépêche d'agence de presse (3 à 4 phrases) avec lieux et chiffres	crime	1
crime	TOULOUSE - Une agression physique a été signalée dans le quartier de la कंप de Saint-Cyprien, impliquant deux adolescents. Les victimes ont été secourues par les forces de l'ordre arrivées rapidement sur les lieux de l'altercation. Une plainte a été déposée auprès du commissariat central pour coups et blessures.	des extraits de dépêche d'agence de presse (3 à 4 phrases) avec lieux et chiffres	crime	1
crime	RENNES - Le tribunal correctionnel de Rennes a condamné hier un individu pour conduite sous l'emprise de l'alcool. Le conducteur, dont le taux d'alcoolémie avait été mesuré à 1,2 g/l, avait provoqué un dérapage sur la rocade à proximité de l'entrée Sud. La peine comprend une suspension de permis de conduire de six mois.	des extraits de dépêche d'agence de presse (3 à 4 phrases) avec lieux et chiffres	crime	1
crime	MONTPELLIER - Une importante fuite de gaz a été détectée dans une rue du centre-ville de Montpellier, entraînant l'évacuation préventive de 25 résidents. Les équipes techniques d'Enedis sont intervenues rapidement pour sécuriser la zone et procéder aux réparations. Le périmètre de sécurité a été maintenu pendant toute la durée de l'intervention.	des extraits de dépêche d'agence de presse (3 à 4 phrases) avec lieux et chiffres	crime	1
crime	Un homme de 45 ans a été interpellé hier soir à l'issue d'une course-poursuite qui a mobilisé plusieurs patrouilles dans le quartier de la gare.	des titres ou extraits où le thème se devine sans mot-clé évident	crime	1
crime	Le verdict est tombé ce matin devant la cour d'assises : l'accusé a été condamné à dix ans de réclusion criminelle.	des titres ou extraits où le thème se devine sans mot-clé évident	crime	1
crime	Les restes de la victime ont été retrouvés dans un terrain vague, laissant craindre une disparition programmée depuis plusieurs semaines.	des titres ou extraits où le thème se devine sans mot-clé évident	crime	1
crime	Une importante collision s'est produite sur l'A7 au niveau de l'échangeur, entraînant une fermeture totale de la voie de droite durant trois heures.	des titres ou extraits où le thème se devine sans mot-clé évident	crime	1
crime	L'enquête révèle que le cambriolage de la villa de la rue des Lilas a été perpétré par un groupe organisé utilisant des outils de découpe thermique.	des titres ou extraits où le thème se devine sans mot-clé évident	crime	1
crime	Un habitant de la commune a porté plainte après avoir découvert un message menaçant glissé sous sa porte.	des titres ou extraits où le thème se devine sans mot-clé évident	crime	1
crime	Le conducteur du véhicule de tourisme a perdu le contrôle de sa direction avant de terminer sa course dans le muret séparant la route de la zone résidentielle.	des titres ou extraits où le thème se devine sans mot-clé évident	crime	1
crime	Les enquêteurs de la police technique et scientifique ont passé la nuit sur les lieux pour relever les dernières empreintes laissées dans le coffre.	des titres ou extraits où le thème se devine sans mot-clé évident	crime	1
crime	Le suspect a été présenté devant le juge d'instruction ce mercredi pour une mise en examen concernant des faits de violences volontaires.	des titres ou extraits où le thème se devine sans mot-clé évident	crime	1
crime	Une importante plainte a été déposée suite à la découverte d'un sac contenant plusieurs milliers d'euros en coupures de 50 et 100 euros.	des titres ou extraits où le thème se devine sans mot-clé évident	crime	1
environment	Alerte canicule : les prévisions annoncent des températures records sur le sud de la France.	des titres d'articles courts et factuels	environment	1
environment	La montée des eaux menace gravement les côtes bretonnes d'ici la fin de la décennie.	des titres d'articles courts et factuels	environment	1
environment	Orages violents attendus sur l'Île-de-France ce week-end avec de fortes chutes de grêle.	des titres d'articles courts et factuels	environment	1
environment	Baisse significative de la pluviométrie enregistrée dans le bassin méditerranéen.	des titres d'articles courts et factuels	environment	1
environment	Le niveau de la Loire atteint son point le plus bas depuis l'été 2022.	des titres d'articles courts et factuels	environment	1
environment	Vague de froid intense prévue sur l'Est de la France à partir de lundi.	des titres d'articles courts et factuels	environment	1
environment	Réduction de la surface forestière en Auvergne due à la sécheresse prolongée.	des titres d'articles courts et factuels	environment	1
environment	Un vent de force tempête va souffler sur la côte normande demain matin.	des titres d'articles courts et factuels	environment	1
environment	Les glaciers des Alpes perdent des mètres d'épaisseur chaque année.	des titres d'articles courts et factuels	environment	1
environment	Fortes gelées printanières à craindre pour les cultures dans le Grand Est.	des titres d'articles courts et factuels	environment	1
environment	Alerte rouge à la canicule : le sud de la France attend trois jours de fortes chaleurs	des titres accrocheurs de site web d'information	environment	1
environment	Inondations en Lozère : les niveaux de l'ère Tarn sont en montée rapide	des titres accrocheurs de site web d'information	environment	1
environment	Menace sur la biodiversité : le déclin alarmant des populations de papillons en Île-de-France	des titres accrocheurs de site web d'information	environment	1
environment	Orages violents attendus sur le littoral breton ce soir	des titres accrocheurs de site web d'information	environment	1
environment	Dépression atlantique : un vent de tempête va souffler sur la Normandie demain	des titres accrocheurs de site web d'information	environment	1
environment	Fonte des glaciers dans les Alpes : un recul sans précédent observé cet été	des titres accrocheurs de site web d'information	environment	1
environment	Réchauffement climatique : les records de température s'enchaînent en Méditerranée	des titres accrocheurs de site web d'information	environment	1
environment	Sécheresse prolongée : les réserves d'eau potable menacées dans l'Est du pays	des titres accrocheurs de site web d'information	environment	1
environment	Le retour du gel : une nuit glaciale prévue sur l'ensemble du territoire	des titres accrocheurs de site web d'information	environment	1
environment	Pollution de l'air : pic de particules fines à Lyon et Marseille	des titres accrocheurs de site web d'information	environment	1
environment	Une vague de chaleur exceptionnelle s'apprête à frapper le sud de la France dès la fin de la semaine. Les prévisions annoncent des températures dépassant les 40 degrés dans le Vaucluse et le Gard.	des chapeaux d'articles de deux phrases	environment	1
environment	La fonte des glaciers dans les Alpes s'accélère de manière alarmante selon les derniers relevés de terrain. Ce recul massif menace directement l'approvisionnement en eau potable des vallées environnantes.	des chapeaux d'articles de deux phrases	environment	1
environment	Un épisode de pluies torrentielles vient de provoquer des crues soudaines dans le bassin de la Loire. Les autorités locales appellent à une vigilance extrême pour les habitants des zones inondables.	des chapeaux d'articles de deux phrases	environment	1
environment	La sécheresse persistante dans le bassin méditerranéen fragilise gravement les écosystèmes locaux. Les nappes phréatiques atteignent des niveaux historiquement bas, imposant des restrictions d'usage de l'eau.	des chapeaux d'articles de deux phrases	environment	1
environment	Un vent violent de type mistral souffle avec force sur la vallée du Rhône depuis la nuit dernière. Les rafales enregistrées en zone côtière ont atteint les 110 km/h ce matin.	des chapeaux d'articles de deux phrases	environment	1
environment	La biodiversité des zones humides du Berry est en plein déclin suite à la pollution des sols. Plusieurs espèces d'oiseaux migrateurs ont disparu de leurs sites de nidification habituels.	des chapeaux d'articles de deux phrases	environment	1
environment	Le givre hivernal a recouvert l'intégralité du massif du Jura, transformant le paysage en un désert blanc. Les températures nocturnes sont tombées sous la barre des -15 degrés cette nuit.	des chapeaux d'articles de deux phrases	environment	1
environment	La montée du niveau des océans menace directement les zones littorales de la Bretagne. L'érosion des falaises s'intensifie chaque année, fragilisant les infrastructures de bord de mer.	des chapeaux d'articles de deux phrases	environment	1
environment	Un brouillard épais et persistant réduit considérablement la visibilité sur l'ensemble de l'Aquitaine. Ce phénomène météorologique devrait perdurer jusqu'à demain après-midi.	des chapeaux d'articles de deux phrases	environment	1
environment	Le renforcement des tempêtes automnales impacte lourdement les forêts du Grand Est. Des milliers d'arbres ont été déracinés par les vents de force ouragan lors du dernier passage de la dépression.	des chapeaux d'articles de deux phrases	environment	1
environment	Une vague de chaleur intense traverse actuellement la région Occitanie, avec des températures dépassant les 42°C enregistrées à Montpellier. Les préfectures du Gard et de l'Hérault ont placé les populations vulnérables sous vigilance rouge. Les autorités locales appellent à une vigilance accrue face aux risques d'incendies de forêt.	des extraits de dépêche d'agence de presse (3 à 4 phrases) avec lieux et chiffres	environment	1
environment	Le niveau de la Loire a atteint une cote critique de 3,5 mètres ce matin près de Roanne. Suite aux précipitations abondantes de la nuit dernière, le plan de vigilance orange a été activé par Météo-France. Les riverains sont invités à surévoler les zones inondables et à éviter les déplacements inutiles.	des extraits de dépêche d'agence de presse (3 à 4 phrases) avec lieux et chiffres	environment	1
environment	La sécheresse qui frappe le bassin méditerranéen ne montre aucun signe de récession selon les derniers relevés hydrologiques. Le taux d'humidité des sols dans le Vaucluse est tombé sous la barre des 10 % en seulement trois semaines. Les agriculteurs de la région subissent une perte de récoltes estimée à 25 % dès ce mois de juillet.	des extraits de dépêche d'agence de presse (3 à 4 phrases) avec lieux et chiffres	environment	1
environment	Un vent violent de secteur nord-ouest souffle sur le Finistère depuis l'aube, avec des rafales mesurées à 110 km/h près de Brest. La tempête prévue pour la nuit prochaine devrait toucher l'ensemble de la Bretagne et de la Normandie. Les autorités de la protection civile conseillent de sécuriser les objets extérieurs.	des extraits de dépêche d'agence de presse (3 à 4 phrases) avec lieux et chiffres	environment	1
environment	La fonte des glaciers dans les Alpes françaises s'accélère de manière alarmante cette année. Les relevés effectués dans le massif du Mont-Blanc montrent une diminution de 2 mètres d'épaisseur par rapport à l'hiver précédent. Ce phénomène de retrait glaciaire menace directement les réserves d'eau douce de la vallée.	des extraits de dépêche d'agence de presse (3 à 4 phrases) avec lieux et chiffres	environment	1
environment	Le programme de reforestation dans le sud de la France progresse avec la plantation de 50 000 jeunes arbres dans l'Aveyron. Ce projet environnemental vise à restaurer la biodiversité locale et à lutter contre l'érosion des sols. Une subvention régionale de 2 millions d'euros soutient cette initiative de protection de la nature.	des extraits de dépêche d'agence de presse (3 à 4 phrases) avec lieux et chiffres	environment	1
environment	Un épisode de brouillard dense est attendu sur l'ensemble du bassin parisien pour les prochaines 48 heures. Les visibilités seront réduites à moins de 50 mètres sur les routes départementales de l'Essonne. Les services de la gendarmerie demandent une grande prudence aux automobilistes circulant à l'aube.	des extraits de dépêche d'agence de presse (3 à 4 phrases) avec lieux et chiffres	environment	1
environment	La qualité de l'air en Île-de-France a atteint des seuils préoccupants ce mardi après-midi. Les capteurs de l'organisme de surveillance ont relevé une concentration de particules fines supérieure de 30 % aux normes autorisées. Des mesures de restriction de circulation ont été instaurées pour limiter l'impact environnemental.	des extraits de dépêche d'agence de presse (3 à 4 phrases) avec lieux et chiffres	environment	1
environment	>'Le niveau de la Mer Morte a chuté de 1,2 mètre durant l'année écoulée, selon les mesures de l'agence hydrologique locale. Ce recul rapide des eaux menace les écosystèmes fragiles situés sur les rives de la zone. Les experts s'inquiètent de la disparition progressive de cette ressource naturelle unique.	des extraits de dépêche d'agence de presse (3 à 4 phrases) avec lieux et chiffres	environment	1
environment	Un épisode de gel printanier intense a surpris les vergers de la Vallée de la Loire ce matin. Les températures sont descendues à -3°C, provoquant la fermeture prématurée des bourgeons de nombreux arbres fruitiers. Les pertes pour la filière pomme pourraient atteindre 15 % si les gelées persistent.	des extraits de dépêche d'agence de presse (3 à 4 phrases) avec lieux et chiffres	environment	1
environment	Le niveau de l'Adour s'est stabilisé après la crue soudaine observée cette nuit sur l'ensemble du bassin versant.	des titres ou extraits où le thème se devine sans mot-clé évident	environment	1
environment	Une vigilance orange a été déclenchée pour les zones côtières du Finistère en raison de vents violents attendus ce week-end.	des titres ou extraits où le thème se devine sans mot-clé évident	environment	1
environment	Les glaces de la calotte polaire reculent à un rythme alarmant, menaçant l'équilibre des courants marins.	des titres ou extraits où le thème se devine sans mot-clé évident	environment	1
environment	Le ciel restera très nuageux sur toute la France hexagonale, avec de faibles précipitations par intermittence.	des titres ou extraits où le thème se devine sans mot-clé évident	environment	1
environment	Une vague de chaleur persistante s'installe sur le sud du pays, faisant grimper le mercure au-delà des normales saisonnières.	des titres ou extraits où le thème se devine sans mot-clé évident	environment	1
environment	La sécheresse prolongée fragilise les sols et menace les réserves d'eau douce dans les Ardennes.	des titres ou extraits où le thème se devine sans mot-clé évident	environment	1
environment	Les températures nocturnes ne parviennent plus à descendre sous la barre des vingt degrés dans l'agglomération lyonnaise.	des titres ou extraits où le thème se devine sans mot-clé évident	environment	1
environment	Une brume épaisse gêne la visibilité sur les routes de montagne depuis l'aube.	des titres ou extraits où le thème se devine sans mot-clé évident	environment	1
environment	L'érosion des falaises de Normandie s'accélère sous l'effet de l'assaut répété des tempêtes hivernales.	des titres ou extraits où le thème se devine sans mot-clé évident	environment	1
environment	Un air particulièrement chargé en particules fines stagne au-dessus de la vallée de la Seine.	des titres ou extraits où le thème se devine sans mot-clé évident	environment	1
none	À quelle heure ferme la mairie du 15ème arrondissement le vendredi ?	des questions pratiques (horaires, adresse, accès, tarifs généraux, contact)	none	1
none	Pourriez-vous me communiquer l'adresse exacte de la bibliothèque municipale ainsi que les modalités pour obtenir une carte d'abonné ?	des questions pratiques (horaires, adresse, accès, tarifs généraux, contact)	none	1
none	Est-ce que l'accès à la plateforme de services administratifs est gratuit pour les résidents de la commune ?	des questions pratiques (horaires, adresse, accès, tarifs généraux, contact)	none	1
none	Je cherche le numéro de téléphone du service d'état civil pour prendre un rendez-vous.	des questions pratiques (horaires, adresse, accès, tarifs généraux, contact)	none	1
none	Quels sont les tarifs pratiqués pour la location d'une salle de réunion dans le centre communautaire ?	des questions pratiques (horaires, adresse, accès, tarifs généraux, contact)	none	1
none	Le parking situé juste devant l'entrée est-il accessible aux personnes à mobilité réduite ?	des questions pratiques (horaires, adresse, accès, tarifs généraux, contact)	none	1
none	Y a-t-il un formulaire spécifique à remplir en ligne pour demander une copie d'un acte de naissance ?	des questions pratiques (horaires, adresse, accès, tarifs généraux, contact)	none	1
none	À quel étage se situe le guichet des inscriptions scolaires ?	des questions pratiques (horaires, adresse, accès, tarifs généraux, contact)	none	1
none	Est-ce que les bureaux sont ouverts durant la pause déjeuner ?	des questions pratiques (horaires, adresse, accès, tarifs généraux, contact)	none	1
none	Comment peut-on contacter le service d'accueil pour poser une question sur les formulaires de demande de passeport ?	des questions pratiques (horaires, adresse, accès, tarifs généraux, contact)	none	1
none	Un immense merci pour votre accueil si chaleureux lors de notre passage dans la région, nous garderons un souvenir précieux de votre hospitalité.	des remerciements, félicitations ou messages de politesse sans demande précise	none	1
none	Toutes mes félicitations pour cette étape importante de votre vie, je suis sincèrement ravi pour vous.	des remerciements, félicitations ou messages de politesse sans demande précise	none	1
none	Je tenais simplement à vous exprimer ma gratitude pour votre gentillesse et votre bienveillance à mon égard.	des remerciements, félicitations ou messages de politesse sans demande précise	none	1
none	Bravo pour ce beau parcours, c'est une réussite qui force le respect.	des remerciements, félicitations ou messages de politesse sans demande précise	none	1
none	Merci encore pour ces quelques mots qui m'ont beaucoup touché.	des remerciements, félicitations ou messages de politesse sans demande précise	none	1
none	Je vous adresse mes plus sincères remerciements pour l'attention que vous m'avez témoignée.	des remerciements, félicitations ou messages de politesse sans demande précise	none	1
none	Un petit mot pour vous dire toute mon admiration et vous féliciter pour votre parcours exemplaire.	des remerciements, félicitations ou messages de politesse sans demande précise	none	1
none	C'est avec beaucoup de reconnaissance que je repense à votre aide précieuse.	des remerciements, félicitations ou messages de politesse sans demande précise	none	1
none	Toutes mes félicitations pour cette nouvelle étape, je vous souhaite le meilleur pour la suite.	des remerciements, félicitations ou messages de politesse sans demande précise	none	1
none	Merci de tout cœur pour votre présence et votre soutien discret mais si important.	des remerciements, félicitations ou messages de politesse sans demande précise	none	1
none	Objet : Candidature au poste de responsable administratif - Mme Claire Vallet. Madame, Monsieur, vivement intéressée par les missions de gestion de votre structure, je vous soumets mon dossier de candidature pour le poste de coordinatrice administrative ouvert récemment.	des candidatures, propositions commerciales, sollicitations ou partenariats	none	1
none	Bonjour, je me permets de vous contacter pour vous proposer une collaboration concernant la gestion de votre service de conciergerie. Notre agence propose des solutions sur mesure pour l'accueil de vos clients VIP.	des candidatures, propositions commerciales, sollicitations ou partenariats	none	1
none	Monsieur le Directeur, je vous adresse cette proposition de partenariat pour l'organisation de vos événements de networking institutionnel. Nous disposons d'un savoir-faire reconnu dans la logistique événementielle haut de gamme.	des candidatures, propositions commerciales, sollicitations ou partenariats	none	1
none	Suite à notre échange lors de la conférence de gestion de projet, je vous propose de formaliser notre coopération pour le déploiement de vos nouveaux processus de recrutement interne.	des candidatures, propositions commerciales, sollicitations ou partenariats	none	1
none	Candidature pour le poste de chargé de communication interne. Fort d'une expérience de dix ans dans la gestion des ressources humaines et de la communication institutionnelle, je souhaite mettre mes compétences au service de votre organisation.	des candidatures, propositions commerciales, sollicitations ou partenariats	none	1
none	À l'attention du service des achats, nous souhaitons vous soumettre notre offre de prestation pour l'entretien et la maintenance de vos locaux professionnels. Vous trouverez ci-joint le détail de nos tarifs et de nos interventions.	des candidatures, propositions commerciales, sollicitations ou partenariats	none	1
none	Cher partenaire, nous vous proposons de rejoindre notre réseau de prestataires agréés. Ce partenariat vous permettra d'élargir votre portefeuille de services auprès de nos clients fidèles.	des candidatures, propositions commerciales, sollicitations ou partenariats	none	1
none	Madame, Monsieur, je sollicite votre bienveillance pour l'examen de ma demande de stage conventionné au sein de votre département administratif pour une durée de six mois.	des candidatures, propositions commerciales, sollicitations ou partenariats	none	1
none	Proposition de services : externalisation de la gestion de votre courrier et de vos appels entrants. Gagnez en productivité en nous confiant vos tâches de secrétariat de premier niveau.	des candidatures, propositions commerciales, sollicitations ou partenariats	none	1
none	Objet : Demande de partenariat pour le développement de votre présence institutionnelle. Nous proposons des solutions d'accompagnement stratégique pour renforcer l'image de marque de votre administration auprès des partenaires publics.	des candidatures, propositions commerciales, sollicitations ou partenariats	none	1
none	Comment réussir la cuisson parfaite de son rôti de veau pour un dimanche en famille ?	des messages sur des sujets proches du domaine mais qui ne relèvent d'aucune catégorie listée	none	1
none	Les nouvelles règles de politesse à adopter lors d'un premier rendez-vous amoureux.	des messages sur des sujets proches du domaine mais qui ne relèvent d'aucune catégorie listée	none	1
none	L'art de décorer son salon avec des éléments de récupération pour un style bohème.	des messages sur des sujets proches du domaine mais qui ne relèvent d'aucune catégorie listée	none	1
none	Guide pratique pour organiser un itinéraire de randonnée pédestre sans perdre son chemin.	des messages sur des sujets proches du domaine mais qui ne relèvent d'aucune catégorie listée	none	1
none	Découvrez les bienfaits de la méditation de pleine conscience pour gérer son stress quotidien.	des messages sur des sujets proches du domaine mais qui ne relèvent d'aucune catégorie listée	none	1
none	Une réflexion sur l'évolution de la langue française et l'usage des nouveaux mots dans le langage courant.	des messages sur des sujets proches du domaine mais qui ne relèvent d'aucune catégorie listée	none	1
none	Conseils de jardinage pour entretenir ses plantes d'intérieur en période de repos végétatif.	des messages sur des sujets proches du domaine mais qui ne relèvent d'aucune catégorie listée	none	1
none	Comment bien préparer son sac de voyage pour un long périple à travers l'Europe.	des messages sur des sujets proches du domaine mais qui ne relèvent d'aucune catégorie listée	none	1
none	Les secrets d'une alimentation équilibrée pour booster son énergie dès le matin.	des messages sur des sujets proches du domaine mais qui ne relèvent d'aucune catégorie listée	none	1
none	L'importance de l'éducation civique pour les jeunes générations dans la société moderne.	des messages sur des sujets proches du domaine mais qui ne relèvent d'aucune catégorie listée	none	1
