id,message
1,"Bonjour, j'ai été prélevé deux fois pour ma commande 45821, pouvez-vous me rembourser ?"
2,"Toujours pas reçu mon colis, le suivi n'a pas bougé depuis mardi."
3,"impossible de me connecter depuis ce matin, mot de passe refusé"
4,Je souhaite mettre fin à mon abonnement à la fin du mois.
5,L'appli plante quand je veux télécharger une facture en PDF.
6,Vous faites un tarif dégressif pour 50 licences ?
7,"Le livreur a laissé le carton sous la pluie, tout est trempé."
8,Pouvez-vous me renvoyer la facture de septembre au nom de ma société ?
9,"J'ai reçu un code de vérification que je n'ai pas demandé, quelqu'un essaie d'entrer sur mon compte ?"
10,Le site affiche une erreur 502 depuis une heure.
11,Merci pour votre réactivité la semaine dernière !
12,Quels sont vos horaires d'ouverture le samedi ?
13,Je voudrais un devis pour l'offre Entreprise avec support prioritaire.
14,"Arrêtez les prélèvements, je quitte votre service."
15,Mon code promo n'a pas été appliqué sur la commande.
16,Le bouton « valider le panier » ne répond plus sur Firefox.
17,Vous recrutez des alternants en développement ?
18,La commande est arrivée mais il manque deux articles sur cinq.
19,Comment ajouter un collègue comme administrateur du compte ?
20,Quelle est la différence entre l'offre Pro et l'offre Business ?
