label	text
leave	Je voudrais poser une semaine de congés en août.
leave	Combien de jours de RTT me reste-t-il cette année ?
leave	Ma demande de congé est en attente de validation depuis dix jours.
leave	Je serai en arrêt maladie à partir de demain, que dois-je envoyer ?
leave	Comment déclarer un congé paternité ?
leave	est ce que je peux reporter mes congés non pris sur l'année prochaine
leave	J'aimerais prendre un congé sans solde de trois mois.
leave	Mon manager a refusé mes vacances, quel est le recours ?
leave	Je dois m'absenter pour un enterrement, ai-je droit à des jours ?
leave	Le solde de congés affiché dans l'outil me semble faux.
leave	Puis-je poser une demi-journée vendredi après-midi ?
leave	Comment fonctionne le congé pour enfant malade ?
leave	Je reprends après mon congé maternité le 3 mars, quelles démarches ?
leave	Est-ce que les jours fériés tombant un samedi sont récupérés ?
leave	J'ai besoin d'un jour d'absence pour mon déménagement.
payroll	Ma fiche de paie de ce mois n'est pas disponible.
payroll	Il manque mes heures supplémentaires sur mon salaire.
payroll	Mon salaire n'a pas été versé ce mois-ci.
payroll	Le montant de la mutuelle prélevé sur mon bulletin a augmenté.
payroll	Comment est calculée ma prime annuelle ?
payroll	je comprend pas la ligne CSG sur mon bulletin
payroll	Mon taux de prélèvement à la source est incorrect.
payroll	Je n'ai pas reçu ma prime d'ancienneté.
payroll	Pouvez-vous me fournir une attestation de salaire pour ma banque ?
payroll	Mon augmentation n'apparaît pas sur ma dernière paie.
payroll	Quand sera versé le treizième mois ?
payroll	J'ai changé de banque, où envoyer mon nouveau RIB pour le salaire ?
payroll	Le nombre d'heures payées ne correspond pas à mon planning.
payroll	Mes tickets restaurant ont été déduits deux fois.
payroll	Je voudrais un acompte sur mon salaire.
equipment	Mon ordinateur portable ne démarre plus.
equipment	J'ai besoin d'un deuxième écran pour travailler.
equipment	Mon badge d'accès au bâtiment ne fonctionne plus.
equipment	Le casque fourni grésille pendant les visioconférences.
equipment	Je n'ai pas encore reçu mon téléphone professionnel.
equipment	le clavier de mon pc a des touches qui marchent plus
equipment	Puis-je avoir une chaise ergonomique ? J'ai mal au dos.
equipment	Ma licence Office a expiré sur mon poste.
equipment	L'imprimante du 2e étage est en panne.
equipment	Je dois rendre mon matériel avant de partir, à qui ?
equipment	Mon écran de portable est fissuré.
equipment	J'ai besoin d'un adaptateur USB-C pour le vidéoprojecteur.
equipment	Le VPN ne se connecte plus depuis chez moi.
equipment	Pourrais-je avoir une souris sans fil ?
equipment	La batterie de mon ordinateur tient à peine une heure.
training	Je souhaite suivre une formation en gestion de projet.
training	Comment utiliser mon CPF pour une formation d'anglais ?
training	Quelles formations sont prévues au plan de développement cette année ?
training	Mon inscription à la formation Excel a-t-elle été validée ?
training	Je voudrais passer une certification AWS, l'entreprise peut-elle la financer ?
training	est ce qu'il y a des formations management pour les nouveaux chefs d'équipe
training	La formation obligatoire sur la sécurité est-elle à faire avant la fin du mois ?
training	J'aimerais faire un bilan de compétences.
training	Qui contacter pour organiser une formation pour toute mon équipe ?
training	Est-ce que la formation en ligne compte comme temps de travail ?
training	Je n'ai pas reçu mon attestation de fin de formation.
training	Peut-on suivre un MBA en alternance avec son poste ?
training	Je voudrais apprendre Python, y a-t-il un programme interne ?
training	Les sessions de formation au nouvel ERP sont-elles planifiées ?
training	Mon manager doit-il valider ma demande de formation ?
expenses	Comment me faire rembourser mes frais de déplacement ?
expenses	Ma note de frais a été refusée, pourquoi ?
expenses	Quel est le plafond pour un repas d'affaires ?
expenses	J'ai perdu le ticket du taxi, puis-je quand même être remboursé ?
expenses	Les indemnités kilométriques sont-elles calculées selon le barème fiscal ?
expenses	jai avancé les billets de train pour le séminaire, je fais comment
expenses	Ma note de frais de mars n'est toujours pas remboursée.
expenses	Puis-je me faire rembourser mon abonnement de transport en commun ?
expenses	L'hôtel pour le salon dépasse la limite, est-ce accepté ?
expenses	Comment déclarer des frais en devise étrangère ?
expenses	Est-ce que le forfait télétravail est versé automatiquement ?
expenses	Je dois joindre quels justificatifs à ma note de frais ?
expenses	J'ai payé le déjeuner client avec ma carte perso, comment le déclarer ?
expenses	Le parking à l'aéroport est-il remboursable ?
expenses	L'application de notes de frais refuse ma photo de reçu.
none	Quelle est la date du prochain afterwork ?
none	Le distributeur de café est vide au 3e étage.
none	Qui organise le tournoi de pétanque interne ?
none	Bravo pour l'organisation du séminaire !
none	Quelqu'un a trouvé un parapluie noir en salle B ?
none	Je cherche un covoiturage depuis Nantes.
none	La climatisation est trop forte dans l'open space.
none	Quel est le menu de la cantine aujourd'hui ?
none	Qui veut participer à la collecte pour le cadeau de départ de Julie ?
none	Le wifi invité a-t-il un nouveau mot de passe ?
